[
  {
    "id": "f7d9b411-cd08-48b3-bf44-93250310ef7f",
    "data": [
      {
        "text": "make a new reminder on ",
        "userDefined": false
      },
      {
        "text": "wednedsay",
        "meta": "@sys.date",
        "alias": "date",
        "userDefined": true
      },
      {
        "text": " at ",
        "userDefined": false
      },
      {
        "text": "6:30pm",
        "meta": "@sys.time",
        "alias": "time",
        "userDefined": true
      },
      {
        "text": " to ",
        "userDefined": false
      },
      {
        "text": "eat chicken fingers",
        "meta": "@sys.any",
        "alias": "name",
        "userDefined": true
      }
    ],
    "isTemplate": false,
    "count": 0,
    "lang": "en",
    "updated": 0
  },
  {
    "id": "9f9d9b0a-1287-45e5-a39a-38c692a78d5e",
    "data": [
      {
        "text": "create a reminder that I need to go ",
        "userDefined": false
      },
      {
        "text": "fishing with grandpa",
        "meta": "@sys.any",
        "alias": "name",
        "userDefined": true
      },
      {
        "text": " ",
        "userDefined": false
      },
      {
        "text": "next Saturday",
        "meta": "@sys.date",
        "alias": "date",
        "userDefined": true
      },
      {
        "text": " at ",
        "userDefined": false
      },
      {
        "text": "6 in the morning",
        "meta": "@sys.time",
        "alias": "time",
        "userDefined": true
      }
    ],
    "isTemplate": false,
    "count": 0,
    "lang": "en",
    "updated": 0
  },
  {
    "id": "15410f62-0722-4aad-836d-79288af3b3e3",
    "data": [
      {
        "text": "remind me to get ",
        "userDefined": false
      },
      {
        "text": "tested for coronavirus",
        "meta": "@sys.any",
        "alias": "name",
        "userDefined": true
      },
      {
        "text": " sometime in the morning",
        "userDefined": false
      }
    ],
    "isTemplate": false,
    "count": 0,
    "lang": "en",
    "updated": 0
  },
  {
    "id": "29ee394c-a827-45d8-92e5-85889d8219f7",
    "data": [
      {
        "text": "new reminder to ",
        "userDefined": false
      },
      {
        "text": "wakeup",
        "meta": "@sys.any",
        "alias": "name",
        "userDefined": true
      },
      {
        "text": " because I\u0027m sad and lonely",
        "userDefined": false
      }
    ],
    "isTemplate": false,
    "count": 0,
    "lang": "en",
    "updated": 0
  },
  {
    "id": "c22a60b1-20cb-419e-a25a-30ba1f90e75f",
    "data": [
      {
        "text": "remind me ",
        "userDefined": false
      },
      {
        "text": "tomorrow",
        "meta": "@sys.date",
        "alias": "date",
        "userDefined": true
      }
    ],
    "isTemplate": false,
    "count": 0,
    "lang": "en",
    "updated": 0
  },
  {
    "id": "abb542f4-4bd9-430e-bff8-ccb1d7e61bcd",
    "data": [
      {
        "text": "remind me at ",
        "userDefined": false
      },
      {
        "text": "noon",
        "meta": "@sys.time",
        "alias": "time",
        "userDefined": true
      },
      {
        "text": " on ",
        "userDefined": false
      },
      {
        "text": "Friday",
        "meta": "@sys.date",
        "alias": "date",
        "userDefined": true
      },
      {
        "text": " to ",
        "userDefined": false
      },
      {
        "text": "eat lunch",
        "meta": "@sys.any",
        "alias": "name",
        "userDefined": true
      }
    ],
    "isTemplate": false,
    "count": 0,
    "lang": "en",
    "updated": 0
  },
  {
    "id": "9bc92c48-3161-4985-8ccb-5b76397a8e01",
    "data": [
      {
        "text": "can you add a reminder?",
        "userDefined": false
      }
    ],
    "isTemplate": false,
    "count": 0,
    "lang": "en",
    "updated": 0
  },
  {
    "id": "f4d7fc71-2b0c-4ac6-bda0-2beb1cca0005",
    "data": [
      {
        "text": "remind to eat",
        "userDefined": false
      }
    ],
    "isTemplate": false,
    "count": 0,
    "lang": "en",
    "updated": 0
  },
  {
    "id": "48087804-7f3b-4317-9a30-517a9c435c63",
    "data": [
      {
        "text": "new reminder to ",
        "userDefined": false
      },
      {
        "text": "workout",
        "meta": "@sys.any",
        "alias": "name",
        "userDefined": true
      },
      {
        "text": " at ",
        "userDefined": false
      },
      {
        "text": "7:00am",
        "meta": "@sys.time",
        "alias": "time",
        "userDefined": true
      }
    ],
    "isTemplate": false,
    "count": 0,
    "lang": "en",
    "updated": 0
  },
  {
    "id": "c3826ee7-823a-4039-940c-43ec4a5acdd5",
    "data": [
      {
        "text": "create reminder",
        "userDefined": false
      }
    ],
    "isTemplate": false,
    "count": 0,
    "lang": "en",
    "updated": 0
  },
  {
    "id": "47bd0bde-fcfc-4093-beaa-af71e0b60352",
    "data": [
      {
        "text": "set a reminder to get ",
        "userDefined": false
      },
      {
        "text": "groceries",
        "meta": "@sys.any",
        "alias": "name",
        "userDefined": true
      },
      {
        "text": " on ",
        "userDefined": false
      },
      {
        "text": "Friday",
        "meta": "@sys.date",
        "alias": "date",
        "userDefined": true
      },
      {
        "text": " after work",
        "userDefined": false
      }
    ],
    "isTemplate": false,
    "count": 0,
    "lang": "en",
    "updated": 0
  },
  {
    "id": "8c761bb5-0472-4062-8a4b-f22795c7d8a8",
    "data": [
      {
        "text": "remind me that I have a ",
        "userDefined": false
      },
      {
        "text": "dinner date",
        "meta": "@sys.any",
        "alias": "name",
        "userDefined": true
      },
      {
        "text": " ",
        "userDefined": false
      },
      {
        "text": "sunday",
        "meta": "@sys.date",
        "alias": "date",
        "userDefined": false
      },
      {
        "text": " at ",
        "userDefined": false
      },
      {
        "text": "8pm",
        "meta": "@sys.time",
        "alias": "time",
        "userDefined": true
      }
    ],
    "isTemplate": false,
    "count": 0,
    "lang": "en",
    "updated": 0
  }
]