[
  {
    "id": "f10f9b24-8c01-45b1-a8c0-d5c40be5ab06",
    "data": [
      {
        "text": "delete the reminder to ",
        "userDefined": false
      },
      {
        "text": "poop",
        "meta": "@sys.any",
        "alias": "name",
        "userDefined": true
      },
      {
        "text": " at ",
        "userDefined": false
      },
      {
        "text": "9pm",
        "meta": "@sys.time",
        "alias": "time",
        "userDefined": true
      },
      {
        "text": " on ",
        "userDefined": false
      },
      {
        "text": "Sunday",
        "meta": "@sys.date",
        "alias": "date",
        "userDefined": true
      }
    ],
    "isTemplate": false,
    "count": 0,
    "lang": "en",
    "updated": 0
  },
  {
    "id": "993a3829-a92a-4eae-a5d7-aa66127be16f",
    "data": [
      {
        "text": "do not remind me about ",
        "userDefined": false
      },
      {
        "text": "going to sleep",
        "meta": "@sys.any",
        "alias": "name",
        "userDefined": true
      }
    ],
    "isTemplate": false,
    "count": 0,
    "lang": "en",
    "updated": 0
  },
  {
    "id": "5f7a5f25-3f3b-46ba-bcdc-62291e51f9be",
    "data": [
      {
        "text": "remove reminder ",
        "userDefined": false
      },
      {
        "text": "milk",
        "meta": "@sys.any",
        "alias": "name",
        "userDefined": true
      }
    ],
    "isTemplate": false,
    "count": 0,
    "lang": "en",
    "updated": 0
  },
  {
    "id": "69f7f073-c26f-4742-b3bf-1e55c4c24dbf",
    "data": [
      {
        "text": "cancel the ",
        "userDefined": false
      },
      {
        "text": "5 pm",
        "meta": "@sys.time",
        "alias": "time",
        "userDefined": true
      },
      {
        "text": " reminder",
        "userDefined": false
      }
    ],
    "isTemplate": false,
    "count": 0,
    "lang": "en",
    "updated": 0
  },
  {
    "id": "daa879dc-b45b-44ac-b70e-1b85831f9dd4",
    "data": [
      {
        "text": "remove reminders with title ",
        "userDefined": false
      },
      {
        "text": "dinner party",
        "meta": "@sys.any",
        "alias": "name",
        "userDefined": true
      },
      {
        "text": " for ",
        "userDefined": false
      },
      {
        "text": "tomorrow",
        "meta": "@sys.date",
        "alias": "date",
        "userDefined": true
      }
    ],
    "isTemplate": false,
    "count": 0,
    "lang": "en",
    "updated": 0
  },
  {
    "id": "c7df6574-17d0-4ecd-bf10-9fae5f904c64",
    "data": [
      {
        "text": "delete the reminder about ",
        "userDefined": false
      },
      {
        "text": "jogging",
        "meta": "@sys.any",
        "alias": "name",
        "userDefined": true
      }
    ],
    "isTemplate": false,
    "count": 0,
    "lang": "en",
    "updated": 0
  },
  {
    "id": "57cfd9ea-41fe-4fc5-9ea7-e6a54b5b0f0c",
    "data": [
      {
        "text": "erase a reminder for going to the ",
        "userDefined": false
      },
      {
        "text": "store",
        "meta": "@sys.any",
        "alias": "name",
        "userDefined": true
      },
      {
        "text": " ",
        "userDefined": false
      },
      {
        "text": "tonight",
        "meta": "@sys.date",
        "alias": "date",
        "userDefined": true
      }
    ],
    "isTemplate": false,
    "count": 0,
    "lang": "en",
    "updated": 0
  },
  {
    "id": "567a7f13-6fc6-47bd-a177-649148a3a147",
    "data": [
      {
        "text": "remove the reminder about my ",
        "userDefined": false
      },
      {
        "text": "yoga classes",
        "meta": "@sys.any",
        "alias": "name",
        "userDefined": true
      }
    ],
    "isTemplate": false,
    "count": 0,
    "lang": "en",
    "updated": 0
  },
  {
    "id": "73176365-93fa-4da8-a1bd-7f3b41b26575",
    "data": [
      {
        "text": "remove reminder",
        "userDefined": false
      }
    ],
    "isTemplate": false,
    "count": 0,
    "lang": "en",
    "updated": 0
  }
]