[
  {
    "id": "e59db4b9-0c35-4df9-a9fa-13bd8477e44a",
    "data": [
      {
        "text": "change the reminder ",
        "userDefined": false
      },
      {
        "text": "but stuff",
        "meta": "@sys.any",
        "alias": "old-name",
        "userDefined": true
      },
      {
        "text": " to ",
        "userDefined": false
      },
      {
        "text": "butt stuff",
        "meta": "@sys.any",
        "alias": "new-name",
        "userDefined": true
      }
    ],
    "isTemplate": false,
    "count": 0,
    "lang": "en",
    "updated": 0
  },
  {
    "id": "5346b19d-07bc-47e8-8dbf-c4c590c216a1",
    "data": [
      {
        "text": "rename my reminder about ",
        "userDefined": false
      },
      {
        "text": "keyboards",
        "meta": "@sys.any",
        "alias": "old-name",
        "userDefined": true
      }
    ],
    "isTemplate": false,
    "count": 0,
    "lang": "en",
    "updated": 0
  },
  {
    "id": "8cb06a17-e59b-4500-ae1a-5dd0531ee136",
    "data": [
      {
        "text": "change reminder titled ",
        "userDefined": false
      },
      {
        "text": "feed the dog",
        "meta": "@sys.any",
        "alias": "old-name",
        "userDefined": true
      },
      {
        "text": " to ",
        "userDefined": false
      },
      {
        "text": "cat\u0027s food",
        "meta": "@sys.any",
        "alias": "new-name",
        "userDefined": true
      }
    ],
    "isTemplate": false,
    "count": 0,
    "lang": "en",
    "updated": 0
  },
  {
    "id": "46b8d08f-9c91-4b0b-8a2e-cc0e43112d18",
    "data": [
      {
        "text": "reminder about ",
        "userDefined": false
      },
      {
        "text": "running",
        "meta": "@sys.any",
        "alias": "old-name",
        "userDefined": true
      },
      {
        "text": " should be renamed to ",
        "userDefined": false
      },
      {
        "text": "yoga",
        "meta": "@sys.any",
        "alias": "new-name",
        "userDefined": true
      }
    ],
    "isTemplate": false,
    "count": 0,
    "lang": "en",
    "updated": 0
  },
  {
    "id": "b38fe015-89e7-4ef7-b379-06779be719fb",
    "data": [
      {
        "text": "change the name of my reminder",
        "userDefined": false
      }
    ],
    "isTemplate": false,
    "count": 0,
    "lang": "en",
    "updated": 0
  },
  {
    "id": "316ddea2-b17e-4d23-b089-4ac6d8959198",
    "data": [
      {
        "text": "rename the reminder ",
        "userDefined": false
      },
      {
        "text": "wash my flat",
        "meta": "@sys.any",
        "alias": "old-name",
        "userDefined": true
      },
      {
        "text": " to ",
        "userDefined": false
      },
      {
        "text": "wash my car",
        "meta": "@sys.any",
        "alias": "new-name",
        "userDefined": true
      }
    ],
    "isTemplate": false,
    "count": 0,
    "lang": "en",
    "updated": 0
  },
  {
    "id": "398338b6-af32-482f-a8a2-981b7f3637e3",
    "data": [
      {
        "text": "change name for reminder about ",
        "userDefined": false
      },
      {
        "text": "visiting my parents",
        "meta": "@sys.any",
        "alias": "old-name",
        "userDefined": true
      }
    ],
    "isTemplate": false,
    "count": 0,
    "lang": "en",
    "updated": 0
  },
  {
    "id": "2a6cc725-90ce-4fcd-8688-cf60d2704cc1",
    "data": [
      {
        "text": "change reminder\u0027s title",
        "userDefined": false
      }
    ],
    "isTemplate": false,
    "count": 0,
    "lang": "en",
    "updated": 0
  }
]