[
  {
    "id": "332315c2-0803-459c-aa54-95d6553b7104",
    "data": [
      {
        "text": "reschedule the reminder from ",
        "userDefined": false
      },
      {
        "text": "tuesday",
        "meta": "@sys.date",
        "alias": "old-date",
        "userDefined": true
      },
      {
        "text": " ",
        "userDefined": false
      },
      {
        "text": "9pm",
        "meta": "@sys.time",
        "alias": "old-time",
        "userDefined": true
      },
      {
        "text": " to ",
        "userDefined": false
      },
      {
        "text": "thursday",
        "meta": "@sys.date",
        "alias": "new-date",
        "userDefined": true
      },
      {
        "text": " ",
        "userDefined": false
      },
      {
        "text": "9pm",
        "meta": "@sys.time",
        "alias": "new-time",
        "userDefined": true
      },
      {
        "text": " for ",
        "userDefined": false
      },
      {
        "text": "fishing",
        "meta": "@sys.any",
        "alias": "name",
        "userDefined": true
      }
    ],
    "isTemplate": false,
    "count": 0,
    "lang": "en",
    "updated": 0
  },
  {
    "id": "5c64ebcc-d1c8-4ba3-bd37-0642be889b17",
    "data": [
      {
        "text": "play guitar",
        "meta": "@sys.any",
        "alias": "name",
        "userDefined": true
      },
      {
        "text": " ",
        "userDefined": false
      },
      {
        "text": "8pm",
        "meta": "@sys.time",
        "alias": "old-time",
        "userDefined": true
      },
      {
        "text": " to ",
        "userDefined": false
      },
      {
        "text": "9pm",
        "meta": "@sys.time",
        "alias": "new-time",
        "userDefined": true
      }
    ],
    "isTemplate": false,
    "count": 0,
    "lang": "en",
    "updated": 0
  },
  {
    "id": "bcd52690-99e7-4285-a7af-7bd59eda4f5d",
    "data": [
      {
        "text": "reschedule my ",
        "userDefined": false
      },
      {
        "text": "7 am",
        "meta": "@sys.time",
        "alias": "old-time",
        "userDefined": true
      },
      {
        "text": " reminder to ",
        "userDefined": false
      },
      {
        "text": "eat breakfast",
        "meta": "@sys.any",
        "alias": "name",
        "userDefined": true
      }
    ],
    "isTemplate": false,
    "count": 0,
    "lang": "en",
    "updated": 0
  },
  {
    "id": "57eaa7ef-9d5b-4843-b42a-72393ecd8ac3",
    "data": [
      {
        "text": "change when I go to ",
        "userDefined": false
      },
      {
        "text": "work",
        "meta": "@sys.any",
        "alias": "name",
        "userDefined": true
      },
      {
        "text": " from ",
        "userDefined": false
      },
      {
        "text": "9am",
        "meta": "@sys.time",
        "alias": "old-time",
        "userDefined": true
      },
      {
        "text": " to ",
        "userDefined": false
      },
      {
        "text": "10:30am",
        "meta": "@sys.time",
        "alias": "new-time",
        "userDefined": true
      }
    ],
    "isTemplate": false,
    "count": 0,
    "lang": "en",
    "updated": 0
  },
  {
    "id": "cf29806a-c783-434d-9842-bebda2062be4",
    "data": [
      {
        "text": "change reminder to ",
        "userDefined": false
      },
      {
        "text": "buy a keyboard",
        "meta": "@sys.any",
        "alias": "name",
        "userDefined": true
      },
      {
        "text": " ",
        "userDefined": false
      },
      {
        "text": "tomorrow",
        "meta": "@sys.date",
        "alias": "old-date",
        "userDefined": true
      },
      {
        "text": " to ",
        "userDefined": false
      },
      {
        "text": "next Thursday",
        "meta": "@sys.date",
        "alias": "new-date",
        "userDefined": true
      },
      {
        "text": " at ",
        "userDefined": false
      },
      {
        "text": "3pm",
        "meta": "@sys.time",
        "alias": "new-time",
        "userDefined": true
      }
    ],
    "isTemplate": false,
    "count": 0,
    "lang": "en",
    "updated": 0
  },
  {
    "id": "1d9b2091-4897-474e-9b56-2070f237f8e1",
    "data": [
      {
        "text": "Update ",
        "userDefined": false
      },
      {
        "text": "dinner date",
        "meta": "@sys.any",
        "alias": "name",
        "userDefined": true
      },
      {
        "text": " on ",
        "userDefined": false
      },
      {
        "text": "Saturday",
        "meta": "@sys.date",
        "alias": "old-date",
        "userDefined": true
      }
    ],
    "isTemplate": false,
    "count": 0,
    "lang": "en",
    "updated": 0
  },
  {
    "id": "19839544-df13-4f20-8a18-a324c0c5fa27",
    "data": [
      {
        "text": "Modify the reminder to ",
        "userDefined": false
      },
      {
        "text": "exercise",
        "meta": "@sys.any",
        "alias": "name",
        "userDefined": true
      },
      {
        "text": " on ",
        "userDefined": false
      },
      {
        "text": "Monday",
        "meta": "@sys.date",
        "alias": "old-date",
        "userDefined": true
      },
      {
        "text": " to ",
        "userDefined": false
      },
      {
        "text": "Tuesday",
        "meta": "@sys.date",
        "alias": "new-date",
        "userDefined": true
      }
    ],
    "isTemplate": false,
    "count": 0,
    "lang": "en",
    "updated": 0
  },
  {
    "id": "80807b41-1ae3-426e-8836-9d3c72b6735a",
    "data": [
      {
        "text": "Change when I get ",
        "userDefined": false
      },
      {
        "text": "groceries",
        "meta": "@sys.any",
        "alias": "name",
        "userDefined": true
      },
      {
        "text": " to ",
        "userDefined": false
      },
      {
        "text": "7:30pm",
        "meta": "@sys.time",
        "alias": "new-time",
        "userDefined": true
      }
    ],
    "isTemplate": false,
    "count": 0,
    "lang": "en",
    "updated": 0
  }
]